INSERT OR IGNORE INTO users (id, name, phone, role, email, password) VALUES
  ('a0000000-0000-0000-0000-000000000001', 'أحمد الحربي', '+966555123456', 'tenant', NULL, NULL),
  ('a0000000-0000-0000-0000-000000000002', 'سارة القحطاني', '+966555654321', 'lessor', NULL, NULL),
  ('a0000000-0000-0000-0000-000000000003', 'خالد المدير', '+966555000000', 'admin', 'admin@atad.sa', '$2b$10$wtusz1kwvPITVENPEOn3UuMWEfwarpmYENPqaUd.Gy/x5FlSkXK.S'),
  ('a0000000-0000-0000-0000-000000000004', 'فهد الدوسري', '+966555111222', 'tenant', NULL, NULL),
  ('a0000000-0000-0000-0000-000000000005', 'نورة الشمري', '+966555333444', 'lessor', NULL, NULL);

INSERT OR IGNORE INTO assets (id, owner_id, title, description, category, price_per_day, city, image_url, status, rating) VALUES
  ('b0000000-0000-0000-0000-000000000001', 'a0000000-0000-0000-0000-000000000002', 'حفار صغير', 'حفار صغير مناسب للأعمال الإنشائية الصغيرة والمتوسطة، سهل التشغيل والصيانة.', 'معدات ثقيلة', 500, 'الرياض', 'https://ar.ltmgloader.com/storage/uploads/images/202304/14/1681476462_thbvIoX8oY.jpg', 'available', 4.5),
  ('b0000000-0000-0000-0000-000000000002', 'a0000000-0000-0000-0000-000000000002', 'رافعة شوكية', 'رافعة شوكية بقدرة تحمل عالية مثالية للمستودعات ومواقع البناء.', 'معدات ثقيلة', 350, 'جدة', 'https://upload.wikimedia.org/wikipedia/commons/thumb/a/a2/Forklift-Truck.jpg/330px-Forklift-Truck.jpg', 'available', 4.0),
  ('b0000000-0000-0000-0000-000000000003', 'a0000000-0000-0000-0000-000000000002', 'مولد كهربائي', 'مولد كهربائي 20 كيلوواط مناسب للمشاريع والفعاليات.', 'معدات كهربائية', 250, 'الرياض', 'https://report.aksa.com.tr/Upload/CanopySpecStandart/75/Image/ms60.jpg', 'rented', 3.5),
  ('b0000000-0000-0000-0000-000000000004', 'a0000000-0000-0000-0000-000000000005', 'خلاطة أسمنت', 'خلاطة أسمنت كهربائية سعة 500 لتر مناسبة لمواقع البناء.', 'معدات بناء', 180, 'مكة', 'https://www.akinexport.com/public/product/63f72a9e6ea79.png', 'available', 5.0),
  ('b0000000-0000-0000-0000-000000000005', 'a0000000-0000-0000-0000-000000000005', 'مثقاب صناعي', 'مثقاب صناعي احترافي لمختلف أنواع الحفر في الخرسانة والمعادن.', 'أدوات يدوية', 75, 'الدمام', 'https://m.media-amazon.com/images/I/51pPXZ+GSgL._AC_UF1000,1000_QL80_.jpg', 'maintenance', 4.0),
  ('b0000000-0000-0000-0000-000000000006', 'a0000000-0000-0000-0000-000000000002', 'ضاغط هواء', 'ضاغط هواء صناعي مناسب لورش الصيانة ومحطات الخدمة.', 'معدات صناعية', 200, 'الخبر', 'https://media.zid.store/606a2781-59bc-44b3-ba1c-14708736a08d/ed910b8f-d4ee-47db-b6e9-3f2c26546bc1.jpeg', 'available', 0.0);

INSERT OR IGNORE INTO bookings (id, asset_id, tenant_id, start_date, end_date, total_price, status, payment_status) VALUES
  ('c0000000-0000-0000-0000-000000000001', 'b0000000-0000-0000-0000-000000000001', 'a0000000-0000-0000-0000-000000000001', '2026-05-20', '2026-05-25', 2500, 'pending', NULL),
  ('c0000000-0000-0000-0000-000000000002', 'b0000000-0000-0000-0000-000000000001', 'a0000000-0000-0000-0000-000000000001', '2026-06-01', '2026-06-05', 2000, 'approved', 'pending'),
  ('c0000000-0000-0000-0000-000000000003', 'b0000000-0000-0000-0000-000000000003', 'a0000000-0000-0000-0000-000000000004', '2026-05-10', '2026-05-15', 1250, 'active', 'paid'),
  ('c0000000-0000-0000-0000-000000000004', 'b0000000-0000-0000-0000-000000000004', 'a0000000-0000-0000-0000-000000000001', '2026-04-01', '2026-04-05', 720, 'completed', 'paid'),
  ('c0000000-0000-0000-0000-000000000005', 'b0000000-0000-0000-0000-000000000005', 'a0000000-0000-0000-0000-000000000004', '2026-03-10', '2026-03-12', 150, 'rejected', NULL),
  ('c0000000-0000-0000-0000-000000000006', 'b0000000-0000-0000-0000-000000000001', 'a0000000-0000-0000-0000-000000000001', '2026-05-01', '2026-05-05', 2000, 'completed', 'paid');

INSERT OR IGNORE INTO booking_status_history (id, booking_id, from_status, to_status, changed_by) VALUES
  ('h0000000-0000-0000-0000-000000000001', 'c0000000-0000-0000-0000-000000000001', NULL, 'pending', 'a0000000-0000-0000-0000-000000000001'),
  ('h0000000-0000-0000-0000-000000000002', 'c0000000-0000-0000-0000-000000000002', NULL, 'pending', 'a0000000-0000-0000-0000-000000000001'),
  ('h0000000-0000-0000-0000-000000000003', 'c0000000-0000-0000-0000-000000000002', 'pending', 'approved', 'a0000000-0000-0000-0000-000000000002'),
  ('h0000000-0000-0000-0000-000000000004', 'c0000000-0000-0000-0000-000000000003', NULL, 'pending', 'a0000000-0000-0000-0000-000000000004'),
  ('h0000000-0000-0000-0000-000000000005', 'c0000000-0000-0000-0000-000000000003', 'pending', 'approved', 'a0000000-0000-0000-0000-000000000002'),
  ('h0000000-0000-0000-0000-000000000006', 'c0000000-0000-0000-0000-000000000003', 'approved', 'active', 'a0000000-0000-0000-0000-000000000004'),
  ('h0000000-0000-0000-0000-000000000007', 'c0000000-0000-0000-0000-000000000004', NULL, 'pending', 'a0000000-0000-0000-0000-000000000001'),
  ('h0000000-0000-0000-0000-000000000008', 'c0000000-0000-0000-0000-000000000004', 'pending', 'approved', 'a0000000-0000-0000-0000-000000000005'),
  ('h0000000-0000-0000-0000-000000000009', 'c0000000-0000-0000-0000-000000000004', 'approved', 'active', 'a0000000-0000-0000-0000-000000000001'),
  ('h0000000-0000-0000-0000-000000000010', 'c0000000-0000-0000-0000-000000000004', 'active', 'completed', 'a0000000-0000-0000-0000-000000000005'),
  ('h0000000-0000-0000-0000-000000000011', 'c0000000-0000-0000-0000-000000000005', NULL, 'pending', 'a0000000-0000-0000-0000-000000000004'),
  ('h0000000-0000-0000-0000-000000000012', 'c0000000-0000-0000-0000-000000000005', 'pending', 'rejected', 'a0000000-0000-0000-0000-000000000002'),
  ('h0000000-0000-0000-0000-000000000013', 'c0000000-0000-0000-0000-000000000006', NULL, 'pending', 'a0000000-0000-0000-0000-000000000001'),
  ('h0000000-0000-0000-0000-000000000014', 'c0000000-0000-0000-0000-000000000006', 'pending', 'approved', 'a0000000-0000-0000-0000-000000000002'),
  ('h0000000-0000-0000-0000-000000000015', 'c0000000-0000-0000-0000-000000000006', 'approved', 'active', 'a0000000-0000-0000-0000-000000000001'),
  ('h0000000-0000-0000-0000-000000000016', 'c0000000-0000-0000-0000-000000000006', 'active', 'completed', 'a0000000-0000-0000-0000-000000000002');

INSERT OR IGNORE INTO payments (id, booking_id, amount, method, status, reference, paid_at) VALUES
  ('p0000000-0000-0000-0000-000000000001', 'c0000000-0000-0000-0000-000000000003', 1250, 'mock', 'paid', 'TXN-20260510-001', '2026-05-10T08:00:00Z'),
  ('p0000000-0000-0000-0000-000000000002', 'c0000000-0000-0000-0000-000000000004', 720, 'bank_transfer', 'paid', 'TXN-20260402-001', '2026-04-02T10:00:00Z'),
  ('p0000000-0000-0000-0000-000000000003', 'c0000000-0000-0000-0000-000000000006', 2000, 'mock', 'paid', 'TXN-20260502-001', '2026-05-02T09:00:00Z');

INSERT OR IGNORE INTO ratings (id, booking_id, asset_id, tenant_id, score, comment) VALUES
  ('r0000000-0000-0000-0000-000000000001', 'c0000000-0000-0000-0000-000000000004', 'b0000000-0000-0000-0000-000000000004', 'a0000000-0000-0000-0000-000000000001', 5, 'معدات ممتازة وجودة عالية');

INSERT OR IGNORE INTO notifications (id, user_id, type, title, message, booking_id) VALUES
  ('n0000000-0000-0000-0000-000000000001', 'a0000000-0000-0000-0000-000000000001', 'booking_status', 'تم إنشاء الطلب', 'تم تقديم طلب تأجير الحفار الصغير بنجاح', 'c0000000-0000-0000-0000-000000000001'),
  ('n0000000-0000-0000-0000-000000000002', 'a0000000-0000-0000-0000-000000000002', 'booking_status', 'طلب تأجير جديد', 'يوجد طلب تأجير جديد للحفار الصغير من أحمد الحربي', 'c0000000-0000-0000-0000-000000000001'),
  ('n0000000-0000-0000-0000-000000000003', 'a0000000-0000-0000-0000-000000000001', 'payment', 'تم الدفع', 'تم تأكيد دفع طلب تأجير الحفار الصغير', 'c0000000-0000-0000-0000-000000000004');

INSERT OR IGNORE INTO transactions (id, booking_id, lessor_id, asset_title, tenant_name, amount, status, days) VALUES
  ('t0000000-0000-0000-0000-000000000001', 'c0000000-0000-0000-0000-000000000003', 'a0000000-0000-0000-0000-000000000002', 'مولد كهربائي', 'فهد الدوسري', 1250, 'completed', 5),
  ('t0000000-0000-0000-0000-000000000002', 'c0000000-0000-0000-0000-000000000004', 'a0000000-0000-0000-0000-000000000005', 'خلاطة أسمنت', 'أحمد الحربي', 720, 'completed', 4),
  ('t0000000-0000-0000-0000-000000000003', 'c0000000-0000-0000-0000-000000000006', 'a0000000-0000-0000-0000-000000000002', 'حفار صغير', 'أحمد الحربي', 2000, 'completed', 4);
